Year,Deaths Per Capita
2016,1.0441
2015,0.96
2014,1.06
2013,0.94
2012,1.05
2011,0.87
2010,1.12
2009,1.08
2008,1.12
2007,1.14
2006,1.20
2005,1.09
2004,1.22
2003,1.46
2002,1.49
2001,1.69
2000,1.70
1999,1.84
1998,1.68
1997,2.32
1996,2.84
1995,2.61
1994,2.90
1993,2.91
1992,3.49
1991,3.59
1990,3.51
1989,3.29
1988,4.11
1987,4.30
1986,4.26
1985,4.35
1984,4.35
1983,4.20
1982,4.54
1981,4.14
1980,4.70
1979,3.29